group_col,group,n,roc_auc
Gender,Female,588,0.9532199967880332
Gender,Male,882,0.9653825136612022
AgeBand,18-24,97,0.960749330954505
AgeBand,25-34,554,0.9651543309631544
AgeBand,35-44,505,0.9510235812386628
AgeBand,45-54,245,0.9576363636363635
AgeBand,55+,69,0.932601880877743
Department,Human Resources,63,0.9379084967320261
Department,Research & Development,961,0.9515364498202027
Department,Sales,446,0.9812392532547286
